model,crps,logs,rmse,PI_75,PI_90,PI_95
mod_r,5.452345133928571,3.290068266750183,7.753246753246754,0.8571428571428571,0.961038961038961,0.987012987012987
mod_r2,6.526898151785714,3.3248984443732787,9.064935064935066,0.8051948051948052,0.9090909090909091,0.974025974025974
