rsme,logs,crps,pi_75,pi_90,pi95
9.182539682539682,3.619280206169336,6.534426834554334,0.7692307692307693,0.9181929181929182,0.9584859584859585
9.94932844932845,3.8499544147624785,7.140861806700244,0.6617826617826618,0.8095238095238095,0.8852258852258852
9.092185592185592,3.632947964775513,6.281343711004273,0.7496947496947497,0.8986568986568987,0.9499389499389499
